Nose_x,Nose_y,Nose_c,LEye_x,LEye_y,LEye_c,REye_x,REye_y,REye_c,LEar_x,LEar_y,LEar_c,REar_x,REar_y,REar_c,LShoulder_x,LShoulder_y,LShoulder_c,RShoulder_x,RShoulder_y,RShoulder_c,LElbow_x,LElbow_y,LElbow_c,RElbow_x,RElbow_y,RElbow_c,LWrist_x,LWrist_y,LWrist_c,RWrist_x,RWrist_y,RWrist_c,LHip_x,LHip_y,LHip_c,RHip_x,RHip_y,RHip_c,LKnee_x,LKnee_y,LKnee_c,RKnee_x,RKnee_y,RKnee_c,LAnkle_x,LAnkle_y,LAnkle_c,RAnkle_x,RAnkle_y,RAnkle_c
312.052,45.2804,0.921541,326.085,35.9047,0.855754,309.489,35.8938,0.875709,335.56,47.6225,0.916748,293.197,45.3696,0.884431,352.174,104.438,0.890409,274.263,104.35,0.940197,352.087,161.005,0.869725,276.543,161.035,0.866261,342.58,210.543,0.844187,304.926,210.54,0.854242,335.605,236.403,0.790557,288.373,236.446,0.795831,342.608,330.8,0.86182,274.321,330.836,0.912329,345.022,418.088,0.80063,274.163,411.064,0.879017
312.058,45.2837,0.921183,326.083,35.8972,0.858049,309.488,35.8964,0.874523,335.556,47.6006,0.915946,293.197,45.3594,0.888777,354.404,104.433,0.891261,274.256,104.346,0.941173,352.083,161.004,0.869239,276.554,161.017,0.866164,342.611,210.523,0.841015,304.917,210.505,0.852076,335.594,236.417,0.789887,288.373,236.456,0.794481,342.601,330.836,0.852985,274.322,330.831,0.912072,345.006,418.136,0.796049,274.127,411.129,0.869227
312.047,45.2903,0.925456,326.082,35.9102,0.858808,309.483,35.8936,0.87538,335.561,47.6107,0.915691,293.19,45.351,0.882579,352.166,104.432,0.891709,274.249,104.338,0.941403,352.082,161.005,0.86767,276.549,161.009,0.868434,342.593,210.506,0.832406,307.187,210.509,0.8595,335.576,236.423,0.793325,288.353,236.465,0.788207,342.6,330.825,0.854286,274.318,330.846,0.909577,345.035,418.112,0.797097,274.126,411.122,0.874884
312.054,45.2636,0.920002,326.088,35.8724,0.861336,309.479,35.8589,0.874458,335.57,47.5975,0.912222,293.179,45.3401,0.888145,352.156,104.419,0.896631,274.269,104.326,0.939717,352.086,160.997,0.867271,276.559,161.02,0.868501,342.582,210.505,0.827174,307.187,210.501,0.862202,335.587,236.409,0.791579,288.358,236.459,0.793947,342.617,330.787,0.859689,276.53,330.837,0.903351,345.023,415.756,0.794276,274.139,411.108,0.876876
312.056,45.2765,0.924675,326.092,35.8973,0.862633,309.482,35.8804,0.875406,335.557,47.6234,0.908261,293.18,45.356,0.889109,352.159,104.427,0.895318,274.266,104.347,0.940111,352.099,160.981,0.869301,276.573,161.039,0.870368,340.305,210.503,0.823982,307.217,210.498,0.86173,335.601,236.386,0.788736,288.356,236.45,0.793484,342.611,330.784,0.860608,274.33,330.83,0.907595,345.023,415.808,0.797182,274.127,411.129,0.874965
312.055,45.2671,0.92099,326.092,35.8797,0.86264,309.48,35.8596,0.876103,335.567,47.6095,0.914376,293.174,45.3373,0.895601,352.17,104.416,0.894288,274.275,104.33,0.9418,352.104,160.983,0.86854,276.566,161.032,0.872907,340.267,210.498,0.817838,307.244,210.492,0.868781,335.617,236.408,0.787864,288.342,236.449,0.79039,342.61,330.795,0.853832,274.333,330.821,0.909118,345.049,415.815,0.787071,274.128,411.105,0.876346
312.064,45.2674,0.920034,326.101,35.8953,0.86178,309.498,35.8637,0.879963,335.556,47.6321,0.906183,293.185,45.3468,0.895375,352.174,104.418,0.895727,274.263,104.345,0.943273,352.108,160.97,0.870302,276.586,161.05,0.866428,340.277,210.511,0.827033,307.249,210.483,0.867981,337.9,236.408,0.785805,288.358,236.447,0.791814,342.611,330.793,0.857212,274.351,330.84,0.904127,345.007,415.788,0.788851,274.14,411.107,0.876555
312.062,45.2687,0.922689,326.107,35.8963,0.864722,309.494,35.8543,0.881364,335.56,47.6393,0.901068,293.177,45.3263,0.894596,354.403,104.432,0.891629,274.281,104.347,0.939412,352.119,160.972,0.868378,276.594,161.048,0.866257,340.296,210.512,0.825582,307.27,210.486,0.864279,337.893,234.18,0.789628,288.387,236.396,0.800321,342.625,328.574,0.858018,276.527,330.773,0.902625,345.037,415.773,0.798591,274.128,411.124,0.880104
312.059,45.264,0.923894,326.101,35.8903,0.866184,309.498,35.853,0.883924,335.559,47.6306,0.906712,293.191,45.3271,0.88485,354.427,104.423,0.891372,274.272,104.316,0.94175,352.118,160.968,0.868069,276.585,161.032,0.867223,340.262,210.508,0.830357,309.5,210.498,0.867381,337.921,234.183,0.788655,288.4,234.178,0.7982,342.626,330.766,0.859776,274.348,330.76,0.900619,345.013,415.748,0.793809,274.117,411.103,0.879957
312.061,45.2562,0.921042,326.101,35.8754,0.86486,309.491,35.8509,0.882124,335.567,47.6232,0.906637,293.185,45.3386,0.889563,354.434,104.417,0.891356,274.271,104.34,0.938127,352.125,160.971,0.872361,276.603,161.033,0.862473,340.281,210.51,0.832884,309.518,210.493,0.869682,337.943,234.148,0.781901,290.587,234.146,0.802696,342.633,330.754,0.858911,274.327,328.561,0.905745,345.02,415.778,0.797757,274.132,411.031,0.881074
312.058,45.2622,0.922282,326.106,35.8845,0.86469,309.494,33.5969,0.885149,335.581,47.6306,0.909686,293.186,45.3222,0.886853,354.476,104.419,0.887642,274.281,104.34,0.941698,352.138,160.986,0.864933,276.589,161.041,0.868794,340.288,210.524,0.825978,309.516,210.447,0.867647,337.949,234.176,0.784285,290.588,234.162,0.805344,342.619,330.795,0.862869,274.345,330.773,0.904695,345.024,415.819,0.798334,274.139,411.077,0.878555
312.059,45.2533,0.917755,326.102,35.8682,0.860947,309.491,33.5819,0.885002,335.578,47.6192,0.907464,293.181,45.308,0.893388,354.481,104.434,0.883801,274.273,104.35,0.941809,352.129,161.017,0.863565,276.601,161.047,0.865835,340.261,210.545,0.824304,309.515,210.471,0.873289,337.959,236.393,0.785328,288.408,236.387,0.802466,342.625,330.78,0.864072,274.352,330.748,0.903878,345.008,415.804,0.798007,274.151,411.047,0.880087
312.063,45.2562,0.916749,326.111,35.8647,0.863579,309.494,33.588,0.88557,335.597,47.6082,0.912054,293.182,45.3181,0.896557,354.479,104.441,0.878852,274.29,104.35,0.939001,352.139,161.009,0.858602,276.607,161.056,0.867734,340.257,212.783,0.826269,309.524,210.505,0.877664,337.951,234.186,0.78338,290.592,234.172,0.806099,342.623,330.752,0.861957,276.558,328.569,0.894499,345.029,415.759,0.798685,274.142,411.06,0.883733
312.06,45.247,0.917119,326.109,35.8531,0.863119,309.496,33.5789,0.889583,335.6,47.5988,0.911158,293.188,45.3154,0.893034,354.475,104.411,0.888965,274.282,104.367,0.9378,352.163,160.995,0.857511,276.615,161.067,0.861211,340.26,212.803,0.828715,309.55,210.49,0.879699,340.258,236.415,0.782965,290.592,236.39,0.807434,342.637,330.823,0.857595,276.551,330.768,0.898761,345.038,415.799,0.79294,274.12,411.074,0.880378
312.064,45.252,0.917105,326.12,35.863,0.864018,309.498,33.5877,0.890222,335.61,47.6134,0.915104,293.189,45.3234,0.899391,354.476,104.426,0.886586,274.28,104.368,0.936292,352.157,161.0,0.859591,276.64,161.088,0.856621,340.291,212.802,0.835567,309.564,210.498,0.886955,337.972,234.167,0.782592,290.597,234.141,0.808638,342.639,328.572,0.866656,276.581,328.555,0.892277,345.028,415.767,0.800826,274.14,411.058,0.8868
312.091,45.2566,0.915521,326.148,35.8621,0.870469,309.521,33.595,0.895356,335.611,47.5983,0.908204,293.194,45.3318,0.919707,354.487,104.406,0.893007,274.27,104.388,0.937755,352.156,160.99,0.861403,276.643,161.082,0.855327,340.285,212.792,0.830102,309.563,210.499,0.89008,337.975,236.416,0.784648,290.586,236.43,0.801648,342.659,330.803,0.8631,276.564,330.799,0.895653,345.03,415.762,0.792425,274.124,411.108,0.875923
312.094,45.2615,0.916923,326.149,35.8621,0.872876,309.524,35.8575,0.897756,335.62,47.5897,0.918271,293.204,45.3385,0.917925,354.503,104.394,0.891269,274.288,104.373,0.932795,352.169,161.006,0.862573,276.631,161.061,0.865549,342.574,212.811,0.841248,309.568,210.471,0.88347,340.282,236.383,0.788034,290.618,234.174,0.80974,342.619,330.765,0.861977,276.571,328.545,0.893984,345.014,415.749,0.792683,274.14,411.043,0.87711
312.108,45.2564,0.914316,326.157,33.598,0.876536,309.538,35.8608,0.900865,337.882,45.4274,0.914015,293.223,45.3459,0.912934,354.499,104.396,0.889548,274.294,104.385,0.93067,352.172,160.984,0.863144,276.637,161.057,0.865477,342.604,212.788,0.844401,309.554,210.462,0.884758,340.257,236.397,0.783225,290.619,236.392,0.806515,342.674,330.826,0.859185,276.58,330.809,0.893112,345.041,415.814,0.785603,274.14,411.096,0.875791
312.114,45.2482,0.911496,328.348,35.8501,0.879199,309.544,35.8508,0.901997,337.914,47.5892,0.919258,293.227,45.3594,0.905117,354.479,104.391,0.89386,274.29,104.392,0.927968,354.402,160.947,0.871563,276.635,161.044,0.872222,342.625,212.765,0.839074,309.566,210.456,0.880286,340.253,236.383,0.787016,290.625,236.381,0.810983,342.653,330.808,0.85964,276.56,330.748,0.894706,345.016,415.798,0.792779,274.125,411.11,0.876111
314.284,45.2556,0.91259,328.353,35.8549,0.884637,309.555,35.8626,0.905018,337.907,45.4421,0.914598,293.232,45.3623,0.914835,354.453,104.373,0.900798,274.275,104.399,0.932094,352.175,160.959,0.873799,276.657,161.067,0.864524,342.639,210.538,0.844039,309.574,210.467,0.881313,337.969,236.421,0.785424,290.602,236.434,0.803869,342.654,330.828,0.859144,276.585,330.773,0.894238,345.017,415.805,0.793501,274.136,411.089,0.874912
314.28,45.2481,0.913471,328.353,33.5981,0.885857,309.554,35.8528,0.905972,337.904,47.5815,0.908802,293.232,45.368,0.90712,354.476,104.383,0.896362,274.276,104.408,0.931565,352.183,160.941,0.872485,276.66,161.059,0.865,342.64,210.536,0.845193,309.57,210.468,0.883007,340.253,236.439,0.7857,290.619,236.454,0.807212,342.678,330.849,0.85696,276.614,330.794,0.887662,345.018,415.778,0.786876,274.147,411.04,0.875379
314.299,45.2472,0.913305,328.365,33.5967,0.889766,309.567,35.8566,0.908139,337.896,47.5852,0.901343,295.404,45.3715,0.917281,354.466,104.373,0.900309,274.279,104.394,0.931929,354.397,160.963,0.869473,276.657,161.067,0.863614,342.624,210.538,0.839622,309.568,210.471,0.88268,340.273,236.393,0.786854,290.644,236.402,0.816206,342.676,330.81,0.859996,276.601,330.768,0.889932,345.01,415.821,0.789996,274.141,411.072,0.876741
314.284,45.2529,0.915325,328.363,35.8511,0.888165,309.556,35.857,0.907943,337.917,47.5833,0.899023,295.408,45.3679,0.900113,354.478,104.404,0.891217,274.296,104.418,0.925415,352.173,160.971,0.867624,276.663,161.063,0.868414,342.643,210.538,0.842055,309.557,210.471,0.883237,340.277,236.411,0.791985,290.642,236.427,0.815524,342.676,330.816,0.857783,276.61,330.756,0.885085,345.023,415.783,0.783522,274.152,411.059,0.877567
314.282,45.2399,0.910786,328.356,33.5796,0.887837,309.555,33.5957,0.907353,337.936,45.4303,0.906079,295.412,45.3658,0.891395,356.763,104.405,0.887762,274.303,104.404,0.92564,352.173,160.991,0.865318,276.644,161.025,0.875005,342.641,210.524,0.841376,309.537,208.182,0.884245,340.304,236.404,0.795534,290.645,236.428,0.817862,344.918,330.814,0.862269,276.603,330.757,0.889773,344.992,413.467,0.783248,274.131,411.039,0.876571
312.11,45.2352,0.914426,326.172,33.563,0.886512,309.541,33.5849,0.906986,337.925,45.4089,0.909172,295.418,45.3548,0.876706,354.479,104.407,0.88758,274.295,104.419,0.925312,352.181,161.002,0.862216,276.661,161.051,0.87129,342.622,210.535,0.839938,309.538,208.171,0.877472,340.294,236.402,0.791616,290.645,236.406,0.817491,344.924,330.838,0.866117,276.611,330.751,0.891409,345.032,418.089,0.79072,274.143,411.073,0.878283
314.281,45.2204,0.910393,328.352,33.5433,0.88978,309.557,33.564,0.912175,337.926,45.3895,0.895287,295.426,45.3339,0.872455,356.767,104.394,0.88564,274.332,104.385,0.921515,354.412,161.009,0.855565,276.637,161.01,0.878661,342.619,210.539,0.838401,309.512,208.154,0.876839,340.29,234.188,0.790664,290.652,234.178,0.81522,344.929,330.819,0.866545,276.602,330.769,0.888442,345.032,418.128,0.79285,274.129,411.08,0.871689
314.292,45.2256,0.906104,328.359,33.5443,0.891537,309.564,33.5822,0.910195,337.957,45.3903,0.907389,295.431,45.352,0.87894,354.504,104.376,0.88585,274.333,104.38,0.922557,354.429,160.986,0.85764,276.643,161.025,0.876532,340.319,212.767,0.836749,309.523,208.171,0.876026,340.27,236.4,0.793302,290.641,236.42,0.812648,344.912,330.808,0.865577,276.608,330.774,0.890078,345.014,415.767,0.787297,274.117,413.393,0.879064
314.284,45.2213,0.905856,328.352,33.5321,0.890973,309.557,33.5749,0.911791,337.958,45.3769,0.913377,295.433,45.3332,0.876238,356.762,104.374,0.885148,274.34,104.382,0.923451,354.439,160.989,0.860584,276.644,161.048,0.87196,340.299,212.781,0.845443,309.526,210.458,0.871606,340.287,234.171,0.79236,290.66,234.177,0.818148,344.925,330.801,0.862043,276.568,328.557,0.896816,345.006,415.811,0.787346,274.126,411.122,0.877674
314.29,45.2127,0.902593,328.357,33.5151,0.893774,309.559,33.5736,0.912686,337.967,45.3681,0.91482,295.443,45.3465,0.87373,356.811,104.385,0.880952,276.538,104.382,0.916129,354.456,160.991,0.858325,276.633,161.037,0.874249,340.293,212.805,0.845693,309.494,210.465,0.86745,340.279,234.164,0.787987,290.649,234.159,0.814591,342.684,330.809,0.856124,276.579,328.561,0.892213,345.016,415.802,0.785385,274.122,411.084,0.876873
314.293,45.2131,0.899846,328.355,33.5159,0.892145,309.557,33.586,0.910342,340.232,45.3721,0.924315,295.446,45.3634,0.876959,356.799,104.394,0.87937,274.343,104.37,0.919405,354.461,161.01,0.851375,276.644,161.038,0.869542,340.306,212.805,0.840808,309.5,210.534,0.883297,340.255,234.17,0.785363,290.641,234.169,0.810294,342.687,330.772,0.863144,276.632,328.559,0.880693,345.031,413.446,0.79071,274.147,411.049,0.878583
314.308,45.2053,0.890998,328.365,33.5044,0.890848,309.571,33.5787,0.910412,340.235,45.3595,0.925867,295.448,45.3537,0.895661,356.804,104.414,0.874853,274.328,104.379,0.919914,354.446,161.031,0.850138,276.641,161.055,0.862211,342.58,212.816,0.852907,309.501,212.784,0.884338,340.271,234.172,0.786199,290.651,234.171,0.812294,344.925,330.798,0.861139,276.601,328.549,0.885981,345.003,415.761,0.788126,274.12,411.093,0.876465
314.329,45.1956,0.889122,328.379,31.276,0.896615,309.585,33.567,0.916258,340.25,45.3501,0.920443,295.46,45.3447,0.900591,356.796,104.387,0.883891,274.348,104.383,0.916228,354.462,160.98,0.862751,276.637,161.048,0.861583,342.597,212.809,0.858968,307.256,212.779,0.876519,340.305,234.182,0.785588,290.653,236.387,0.812444,344.927,330.787,0.867208,276.627,328.559,0.881222,345.016,415.771,0.79045,274.137,411.088,0.873624
314.335,45.2064,0.889706,328.397,33.51,0.895985,309.599,33.5543,0.921206,340.262,45.3632,0.919344,295.452,45.3169,0.903082,356.825,104.404,0.878823,274.337,104.378,0.919622,354.453,161.024,0.849374,276.638,161.069,0.855667,340.317,212.842,0.850051,307.239,212.819,0.881325,340.246,234.174,0.784941,290.625,234.167,0.80887,344.917,330.788,0.869685,276.59,328.579,0.896137,345.004,415.803,0.78843,274.128,411.106,0.88036
314.354,45.2081,0.889989,328.411,33.5031,0.901141,309.615,33.5469,0.92789,340.268,45.3401,0.906311,295.46,45.3026,0.905407,356.833,104.391,0.878228,274.342,104.369,0.922081,354.46,161.006,0.855664,276.635,161.061,0.859406,340.318,212.833,0.853468,307.214,212.792,0.871762,340.283,236.379,0.787674,290.638,236.405,0.811425,344.945,330.786,0.868454,276.602,330.759,0.887469,344.996,415.784,0.782689,274.133,411.131,0.876117
314.379,45.2028,0.884506,328.433,31.2797,0.906425,309.638,33.5261,0.933135,340.292,45.3229,0.896967,295.47,45.2792,0.902395,356.829,104.397,0.874044,274.339,104.335,0.923738,354.482,161.04,0.843619,276.628,161.041,0.86598,340.292,212.855,0.85409,307.241,210.54,0.867525,340.296,234.18,0.781588,290.664,234.157,0.814253,344.938,330.821,0.869088,276.638,330.751,0.879189,345.019,418.126,0.788668,274.14,411.079,0.875882
314.402,45.2013,0.883057,328.446,31.2711,0.91307,309.647,33.5244,0.933136,340.286,45.3096,0.88197,295.467,45.2869,0.912343,356.806,104.376,0.881831,274.34,104.325,0.924349,356.759,160.97,0.858736,276.617,161.026,0.867404,340.319,212.855,0.853738,307.265,210.54,0.868814,340.305,234.148,0.780619,290.679,234.122,0.814382,344.927,330.779,0.863373,276.62,328.544,0.879329,345.007,415.807,0.788028,274.139,411.084,0.874704
314.4,45.1939,0.88146,328.442,31.2614,0.913194,309.643,33.5172,0.934257,340.286,45.3077,0.887914,295.457,45.2822,0.923148,359.125,104.377,0.882765,274.33,104.348,0.923871,354.501,161.0,0.850075,276.652,161.053,0.856802,342.603,212.86,0.863717,309.498,212.776,0.875792,342.605,236.39,0.789344,290.67,234.167,0.813172,344.94,330.82,0.869438,276.621,328.576,0.888006,344.999,415.819,0.782791,274.116,411.125,0.874974
314.413,43.0121,0.880038,328.454,31.242,0.920715,309.645,33.4973,0.936864,340.294,45.2846,0.871321,295.447,45.2653,0.925955,356.817,104.355,0.885933,274.315,104.319,0.931439,356.766,160.984,0.857987,276.648,161.033,0.856241,342.624,212.858,0.865657,309.517,212.8,0.880086,342.585,234.164,0.782217,290.677,234.116,0.814951,344.93,330.807,0.865631,276.607,328.561,0.882223,345.0,415.767,0.782439,274.13,411.098,0.877134
314.406,43.0136,0.88449,328.455,31.2306,0.926927,309.631,31.2772,0.936626,340.313,45.2629,0.867309,295.446,45.2536,0.909174,356.801,104.346,0.889174,274.323,104.312,0.930675,356.773,160.995,0.855912,276.647,161.029,0.860884,342.634,212.862,0.870474,309.519,212.786,0.880803,342.596,234.128,0.78615,290.679,234.086,0.822662,344.93,330.775,0.868168,276.609,328.507,0.883969,345.018,415.808,0.786794,274.121,411.086,0.879079
314.401,43.0067,0.88079,328.443,31.2216,0.922168,309.624,33.5005,0.931461,340.308,45.2435,0.873472,295.44,45.2637,0.920839,356.829,104.338,0.887123,274.318,104.311,0.930756,356.771,160.98,0.857295,276.653,161.03,0.856776,342.649,212.854,0.872758,309.517,212.785,0.883403,342.606,234.166,0.786808,290.686,234.115,0.823576,344.946,330.839,0.867964,276.61,328.565,0.887816,345.021,418.087,0.78819,274.123,411.128,0.872063
314.377,43.001,0.883135,328.421,31.2214,0.915578,309.606,33.4975,0.927854,340.298,45.257,0.890414,295.43,45.2563,0.915523,356.799,104.298,0.896994,274.336,104.306,0.926475,356.786,160.938,0.868228,276.654,161.011,0.861226,344.908,212.847,0.874641,309.517,212.79,0.886896,342.593,234.128,0.783203,290.69,234.09,0.819857,344.911,330.776,0.859932,276.632,328.519,0.880329,345.012,415.77,0.785229,274.126,411.042,0.877192
314.37,43.0039,0.884357,328.414,31.2238,0.914339,309.599,33.5036,0.926336,340.284,45.2553,0.891859,295.424,45.2574,0.921988,356.798,104.295,0.89846,274.322,104.327,0.927151,356.773,160.933,0.867226,276.666,161.039,0.855634,342.664,212.856,0.878137,309.524,212.81,0.89118,342.603,234.157,0.790281,290.684,234.144,0.815126,344.959,330.818,0.870463,276.638,330.774,0.881996,345.013,418.093,0.782771,271.95,413.401,0.872004
314.366,43.0005,0.883493,328.41,31.2167,0.915785,309.595,33.5001,0.924578,340.279,45.2407,0.892487,295.419,45.2527,0.92453,356.787,104.29,0.89893,274.322,104.311,0.926688,356.793,160.943,0.866707,276.654,161.011,0.864675,344.902,212.855,0.875344,309.523,212.807,0.891948,342.595,234.118,0.784629,290.695,234.097,0.817229,344.926,328.567,0.863391,276.648,328.516,0.873824,345.021,415.747,0.787176,274.131,411.088,0.873677
314.352,43.0139,0.885653,328.401,31.2292,0.911909,309.585,33.5221,0.91907,340.277,45.2538,0.907507,295.414,45.2701,0.921377,356.802,104.287,0.8958,274.323,104.312,0.927906,356.771,160.953,0.863727,276.661,161.043,0.859228,342.669,212.879,0.877237,309.522,212.817,0.896308,342.591,234.131,0.784909,290.677,234.111,0.817508,344.948,330.771,0.870793,276.612,328.555,0.878766,345.027,415.778,0.789568,274.118,413.391,0.878593
314.352,43.0133,0.883981,328.394,31.2308,0.907702,309.59,33.5245,0.918663,340.276,45.2441,0.907278,295.424,45.267,0.921209,356.805,104.285,0.896419,274.321,104.307,0.924215,356.761,160.941,0.863122,276.668,161.038,0.854846,342.66,212.871,0.87366,309.527,212.822,0.896038,342.641,234.164,0.789085,290.692,234.122,0.819606,344.951,330.796,0.868949,276.623,328.557,0.879681,345.004,415.791,0.785464,274.129,411.079,0.873086
314.352,43.0062,0.883357,328.395,31.2258,0.909052,309.589,33.521,0.919122,340.269,45.246,0.906013,295.422,45.2721,0.923626,356.82,104.285,0.892349,274.299,104.305,0.928283,356.762,160.967,0.862422,276.652,161.03,0.859231,342.641,212.871,0.868107,309.525,212.841,0.901731,342.591,234.135,0.780003,290.668,234.092,0.81935,344.949,330.792,0.870408,276.594,328.55,0.883451,345.017,415.82,0.790057,274.11,413.404,0.871506
314.347,45.2028,0.885544,328.395,31.2454,0.903845,309.586,33.5372,0.917456,340.281,45.2484,0.908403,295.42,45.2668,0.918851,356.813,104.282,0.895175,274.302,104.328,0.92888,356.769,160.942,0.865152,276.66,161.031,0.858468,342.62,212.854,0.867797,309.526,212.825,0.898258,342.626,234.188,0.786638,290.678,234.167,0.816183,344.938,330.817,0.864282,276.606,330.784,0.878046,345.032,415.781,0.784079,274.115,413.388,0.874469
314.345,45.1968,0.883127,328.388,31.2452,0.90152,309.589,33.5344,0.917466,340.263,45.2539,0.907953,295.422,45.2668,0.921389,356.837,104.286,0.892263,274.286,104.339,0.930159,354.488,160.968,0.859539,276.654,161.043,0.850309,342.603,212.876,0.867181,309.509,212.846,0.900479,342.584,234.185,0.784257,290.652,236.387,0.809847,344.958,330.825,0.870201,276.583,330.785,0.887732,345.03,418.132,0.789543,274.109,413.438,0.869685
314.349,43.0174,0.880695,328.391,31.2393,0.903787,309.587,33.5318,0.914756,340.263,45.2489,0.911322,295.415,45.2774,0.931147,356.803,104.3,0.890564,274.282,104.352,0.932653,354.488,160.964,0.859686,276.654,161.048,0.852538,342.575,212.876,0.863914,307.266,212.806,0.889892,340.327,234.189,0.782743,290.651,234.178,0.808961,344.953,330.835,0.865039,276.602,330.779,0.886653,345.029,418.113,0.779856,274.138,411.129,0.873347
314.342,45.1986,0.883825,328.392,31.2408,0.903208,309.584,33.5241,0.919288,340.27,45.2347,0.899348,295.42,45.2547,0.916234,356.825,104.313,0.890497,274.289,104.341,0.932235,354.466,160.974,0.858058,276.652,161.054,0.846157,342.596,212.876,0.868173,307.262,212.812,0.892268,340.298,234.179,0.784072,290.633,236.39,0.810881,344.961,330.805,0.868253,276.545,330.785,0.892747,345.017,415.817,0.784334,271.955,413.436,0.875725
314.334,45.2132,0.883813,328.377,31.2552,0.892887,309.578,33.5398,0.911974,340.264,45.231,0.905457,295.406,45.2488,0.918852,356.808,104.297,0.894524,274.305,104.298,0.931035,354.463,160.989,0.855415,276.637,161.027,0.855574,342.612,212.853,0.858618,307.226,212.777,0.89227,340.273,236.384,0.781555,290.605,236.411,0.800199,344.981,330.814,0.874018,276.546,330.849,0.889969,345.005,415.81,0.778202,271.937,413.447,0.867142
314.32,45.2044,0.883874,328.368,31.247,0.893433,309.568,33.5235,0.913374,340.265,45.2285,0.905919,295.405,45.2355,0.907467,356.809,104.31,0.893698,274.29,104.304,0.934491,354.445,160.99,0.85989,276.634,161.025,0.858437,342.606,212.851,0.854974,307.22,212.786,0.894694,340.285,234.183,0.786957,290.612,236.403,0.806741,344.949,330.805,0.866787,276.548,330.818,0.896379,345.005,415.805,0.784461,274.115,413.41,0.875628
314.321,45.2012,0.884175,328.369,31.2403,0.893674,309.569,33.5126,0.913642,340.252,45.2128,0.895484,293.233,45.2218,0.909884,356.794,104.308,0.895881,274.297,104.294,0.933829,354.407,161.018,0.857173,276.626,161.042,0.851121,342.581,212.856,0.849571,307.215,212.819,0.893818,340.235,234.177,0.784621,290.585,236.399,0.801161,344.934,330.793,0.868853,276.531,330.823,0.898043,345.007,415.778,0.784001,274.123,413.418,0.873126
314.323,45.2215,0.888826,328.372,31.2547,0.893048,309.568,33.532,0.912812,340.257,45.2035,0.893407,293.23,45.2295,0.916898,356.801,104.312,0.896563,274.284,104.303,0.938108,352.175,161.046,0.853006,276.63,161.053,0.853922,340.254,215.11,0.85907,307.221,212.846,0.890552,340.241,236.38,0.775058,288.416,236.408,0.796412,344.915,330.813,0.861407,274.327,330.852,0.899925,345.025,415.75,0.782386,274.115,413.414,0.866638
314.312,45.2149,0.890674,328.362,31.2493,0.892074,309.557,33.5246,0.911288,340.245,45.2037,0.889742,293.225,45.2267,0.912893,356.766,104.29,0.900589,274.274,104.307,0.938094,354.402,161.005,0.860579,276.619,161.052,0.849242,340.254,212.898,0.853234,307.202,212.853,0.888159,340.234,236.383,0.776999,288.408,236.415,0.799489,344.912,330.822,0.861151,274.316,330.872,0.903473,347.223,418.095,0.789361,274.12,413.399,0.870992
314.317,45.2054,0.887765,328.362,31.2287,0.895668,309.556,33.5229,0.909773,340.235,43.0135,0.8842,293.221,45.238,0.920961,356.766,104.288,0.900346,274.267,104.285,0.936817,352.169,161.04,0.854,276.603,161.021,0.861098,340.241,215.091,0.851545,307.179,212.833,0.887773,337.963,234.167,0.773438,288.403,234.178,0.799633,344.921,330.813,0.865162,274.325,330.849,0.902387,345.015,415.793,0.789836,274.137,411.12,0.872339
314.318,45.2007,0.883844,328.362,31.2161,0.895539,309.552,33.5116,0.90946,340.246,42.9824,0.881139,293.214,45.2253,0.925603,356.765,104.296,0.897409,274.267,104.287,0.936666,352.167,161.027,0.855369,276.62,161.042,0.855391,337.953,215.109,0.856163,307.188,212.862,0.896291,340.241,234.179,0.776077,288.409,236.39,0.801821,344.928,330.803,0.864102,274.331,330.863,0.896699,345.008,415.746,0.783636,274.127,411.119,0.875115
314.316,45.2098,0.887816,328.358,31.2145,0.895036,309.546,33.5185,0.909052,340.244,42.9541,0.870329,293.214,45.2221,0.923371,354.492,104.272,0.902435,274.26,104.286,0.933933,352.164,161.0,0.862073,276.617,161.043,0.854484,340.248,215.114,0.854709,307.187,212.863,0.894762,340.254,234.167,0.773854,288.405,234.165,0.799968,344.926,330.798,0.869783,274.31,330.853,0.90587,345.023,418.153,0.791422,271.952,413.407,0.864942
314.318,45.1945,0.886444,328.36,31.1936,0.901022,309.542,33.5006,0.910127,340.241,42.9313,0.857719,293.205,45.2115,0.922436,354.466,104.241,0.910266,274.25,104.248,0.934867,352.17,160.968,0.872961,276.622,161.052,0.852096,340.284,215.122,0.861816,307.246,212.908,0.905423,340.26,234.131,0.772423,288.42,234.142,0.804898,344.965,330.794,0.871726,274.337,330.843,0.893811,345.008,413.453,0.784231,271.951,413.422,0.86639
314.31,45.2054,0.891382,326.175,31.1982,0.895224,309.529,33.5132,0.906586,337.936,42.8955,0.843019,293.196,45.2066,0.929284,354.458,104.243,0.910915,274.245,104.264,0.937258,352.15,160.993,0.873649,276.63,161.055,0.845091,340.315,215.113,0.866554,307.271,212.908,0.909591,340.264,234.142,0.76977,290.596,234.157,0.806828,344.964,330.818,0.867264,274.327,330.882,0.899134,345.018,415.812,0.783651,274.113,413.403,0.866982
314.318,43.0162,0.891497,328.352,31.1861,0.902928,309.534,31.2586,0.916378,337.938,40.655,0.829564,293.199,42.9642,0.912454,354.448,104.225,0.910524,274.249,104.258,0.940039,352.151,160.964,0.879159,276.668,161.077,0.840618,340.319,215.125,0.874562,309.506,215.131,0.923942,337.972,234.127,0.764516,288.401,234.151,0.802825,344.926,330.776,0.86,274.342,330.828,0.894852,345.039,418.13,0.783667,274.112,413.392,0.865136
314.313,45.195,0.893716,328.352,31.2038,0.900408,309.54,31.2573,0.919398,337.928,42.9097,0.832911,293.202,42.9525,0.91288,354.435,104.22,0.914647,274.234,104.255,0.94046,352.145,160.952,0.882407,278.902,161.049,0.846613,342.582,215.128,0.880273,309.521,215.124,0.933743,340.24,234.125,0.761276,288.402,234.143,0.801439,344.942,330.781,0.870053,274.344,330.819,0.893139,345.039,415.766,0.785167,271.95,413.393,0.871383
314.317,43.0162,0.892279,328.353,31.2038,0.901237,309.547,31.2599,0.920254,337.925,42.9267,0.83462,293.199,42.9737,0.925528,354.448,104.215,0.912009,274.239,104.241,0.937866,352.137,160.933,0.88808,278.891,160.998,0.851694,342.604,215.121,0.887079,309.5,215.097,0.939508,337.949,234.1,0.758681,288.405,234.117,0.806645,344.929,328.571,0.866685,276.536,330.798,0.894568,345.034,415.784,0.787934,271.955,413.401,0.867822
314.316,45.2011,0.896325,328.354,31.2199,0.900516,309.551,31.2723,0.921004,337.919,42.9473,0.839532,293.2,42.982,0.932938,354.44,102.076,0.91392,274.247,104.23,0.935649,352.138,160.905,0.891069,278.904,160.98,0.858003,342.586,215.134,0.891072,307.283,212.901,0.938917,340.241,234.123,0.762971,288.421,234.139,0.804214,344.927,330.782,0.865482,276.534,330.801,0.888808,345.023,415.814,0.784948,271.959,413.409,0.865589
314.317,45.1932,0.893131,328.353,31.2143,0.89854,309.551,31.262,0.922484,337.924,42.9379,0.840939,293.198,42.9698,0.933334,354.441,102.057,0.916858,274.255,104.217,0.931249,352.136,160.915,0.892492,278.911,160.964,0.857822,340.302,215.167,0.886216,307.267,215.102,0.938042,340.241,234.08,0.748848,290.584,234.085,0.801365,344.955,328.567,0.870111,274.332,330.78,0.897395,345.029,415.764,0.782596,271.954,413.397,0.87386
314.312,45.2117,0.898336,328.347,31.2332,0.897175,309.546,33.4904,0.918138,337.9,42.9539,0.84298,293.187,42.9764,0.945798,354.44,102.057,0.915008,274.251,104.215,0.934655,352.135,160.918,0.891601,278.928,160.969,0.858325,340.303,215.144,0.886804,307.286,212.901,0.937233,337.963,234.052,0.752488,290.588,234.071,0.805776,344.945,328.573,0.867489,274.344,330.768,0.896954,345.011,415.762,0.785433,271.958,411.125,0.871445
314.328,45.1963,0.89499,328.364,31.215,0.905698,309.563,31.254,0.928762,337.92,42.9319,0.833397,293.199,42.9518,0.935751,354.45,102.05,0.914074,274.28,102.062,0.933072,352.166,160.929,0.884515,278.968,160.987,0.854349,340.274,215.166,0.875487,307.285,215.11,0.934867,340.264,234.052,0.748042,290.593,234.062,0.802557,344.943,328.557,0.867954,274.336,330.754,0.893447,345.03,415.778,0.789945,271.95,413.46,0.874316
314.318,45.2116,0.89806,328.361,31.2343,0.90158,309.554,31.2725,0.92195,337.937,42.9694,0.848547,293.198,42.971,0.934242,354.471,102.055,0.911192,274.293,104.212,0.930105,352.147,160.936,0.884177,278.992,161.025,0.849251,340.277,215.186,0.879289,307.273,215.113,0.926994,340.259,234.074,0.748856,290.597,234.066,0.803771,344.926,328.56,0.868461,274.348,330.758,0.894353,345.039,415.767,0.788914,271.952,413.427,0.872723
314.323,45.2291,0.901754,328.363,31.2487,0.902415,309.559,33.5062,0.920813,337.928,42.9639,0.847543,293.202,42.9799,0.93802,354.471,102.05,0.910878,274.304,102.062,0.929386,352.149,160.933,0.883352,281.251,161.023,0.849809,340.317,215.158,0.876103,307.245,212.9,0.927401,340.27,234.066,0.754537,290.609,234.077,0.808936,344.936,330.757,0.865225,274.356,330.764,0.898765,345.03,415.755,0.779113,271.951,413.439,0.872481
314.312,45.2501,0.90842,328.347,31.2689,0.896244,309.549,33.5391,0.9155,337.913,42.9747,0.853923,293.195,43.0004,0.940855,354.472,102.048,0.911539,274.297,104.212,0.929769,352.154,160.913,0.880766,281.255,161.052,0.843107,340.301,215.171,0.870617,307.285,215.132,0.934197,340.257,234.101,0.756796,288.42,234.115,0.803909,344.928,330.775,0.867382,274.348,330.828,0.898013,345.006,415.778,0.784565,271.944,413.438,0.871457
314.331,45.2533,0.904327,328.366,31.2781,0.900142,309.568,33.5406,0.920685,337.922,42.991,0.850715,293.202,43.0145,0.953707,354.489,102.059,0.907217,274.296,102.071,0.930719,352.141,160.921,0.888071,278.997,161.027,0.849465,342.604,215.14,0.885142,307.25,215.1,0.934994,340.242,234.07,0.75567,290.6,234.076,0.808198,344.927,328.574,0.866255,274.349,330.758,0.8972,345.028,415.769,0.784336,271.957,413.409,0.869926
314.341,45.2866,0.905881,328.374,33.5071,0.895896,309.57,33.5767,0.913275,337.959,42.9539,0.841471,293.207,43.0153,0.94169,354.472,102.052,0.911235,274.3,102.064,0.927957,352.141,160.909,0.886504,278.991,161.013,0.850437,342.596,215.137,0.88974,307.242,212.902,0.932915,340.251,234.086,0.754939,290.603,234.09,0.80835,344.959,330.777,0.87475,276.537,330.782,0.896449,345.009,415.808,0.784149,274.129,413.401,0.87039
314.305,45.3635,0.920393,328.355,35.8576,0.882088,309.538,35.9058,0.902519,340.245,42.9888,0.851166,293.181,42.9792,0.929096,354.481,102.044,0.905813,274.302,102.048,0.931429,352.135,160.93,0.884311,278.988,161.013,0.84775,342.608,215.152,0.88286,307.223,212.903,0.928809,340.253,234.081,0.759468,290.622,234.074,0.810608,344.928,330.786,0.867475,276.546,328.576,0.892642,345.036,415.815,0.781098,274.12,411.128,0.874098
314.36,45.3991,0.918066,328.391,35.8842,0.896349,309.564,38.2376,0.910619,340.267,42.979,0.838525,293.189,45.2206,0.956258,354.472,102.056,0.911175,274.294,102.07,0.932351,352.133,160.94,0.880227,278.982,161.0,0.853232,340.319,215.169,0.88127,307.231,212.889,0.929387,340.285,234.104,0.762517,290.625,234.104,0.813221,344.944,330.783,0.868891,276.534,330.764,0.896185,345.043,418.094,0.788605,274.129,411.129,0.875076
314.37,45.4325,0.92284,328.405,38.2215,0.898453,309.581,38.276,0.916969,340.264,45.2217,0.836476,293.196,45.2293,0.958852,354.478,102.061,0.907768,274.301,102.069,0.932696,352.132,160.927,0.885405,278.987,161.017,0.851447,340.305,215.15,0.876542,307.239,212.904,0.932353,340.26,234.08,0.75756,290.611,234.079,0.809416,344.941,330.779,0.870185,276.548,330.765,0.89617,345.013,415.784,0.785258,271.955,413.4,0.870328
314.33,47.6012,0.935149,328.385,40.5669,0.901673,309.558,40.5609,0.919863,340.248,45.3205,0.866137,293.186,45.2328,0.947824,354.485,102.074,0.906271,274.3,104.22,0.935334,352.127,160.926,0.89066,278.989,161.023,0.845068,340.296,215.158,0.879655,307.233,212.897,0.928425,340.243,234.074,0.756684,290.601,234.084,0.807681,344.957,330.764,0.872701,276.557,328.581,0.894413,345.012,415.772,0.79099,274.125,411.094,0.87422
314.385,47.6304,0.925638,328.412,40.5844,0.907753,309.598,40.6083,0.931313,340.247,45.2926,0.834896,293.199,45.2774,0.968606,354.496,102.076,0.901793,274.322,104.223,0.928694,352.111,160.944,0.890628,278.976,161.007,0.851672,340.268,215.148,0.881066,307.237,212.899,0.922566,340.25,234.087,0.76102,290.615,234.086,0.810534,344.957,330.792,0.874421,276.548,330.789,0.895858,345.018,415.796,0.781887,274.149,411.104,0.874059
316.661,47.662,0.914314,328.461,40.6207,0.918335,309.643,40.6535,0.942177,340.306,45.2879,0.82213,293.215,45.3052,0.987356,356.765,102.07,0.902842,274.319,104.218,0.928871,352.127,160.931,0.890975,278.982,161.004,0.853161,340.241,215.178,0.885481,307.226,212.896,0.91929,340.279,234.113,0.759045,290.613,234.11,0.803567,344.953,330.794,0.872315,276.543,330.814,0.895288,345.012,415.818,0.782817,274.135,411.129,0.868786
314.399,47.7753,0.923572,328.453,42.9784,0.952174,309.587,42.9535,0.967286,342.627,45.3507,0.859477,293.184,45.271,0.954025,354.489,102.072,0.901711,274.325,104.27,0.92811,352.124,160.92,0.886463,281.269,161.042,0.84547,340.237,215.178,0.87885,307.212,212.874,0.908842,340.277,234.09,0.750306,290.633,234.083,0.805096,344.969,330.799,0.873707,276.554,330.761,0.890417,345.031,415.753,0.782482,274.12,411.119,0.872526
316.697,50.0067,0.892633,328.505,45.1879,0.964255,309.641,45.188,0.977912,342.676,45.3035,0.831012,293.198,45.2616,0.955971,354.488,102.075,0.898606,274.335,104.289,0.91951,352.115,160.922,0.881645,281.305,161.063,0.84038,340.242,215.148,0.86858,307.193,212.857,0.908049,340.281,234.063,0.753083,290.629,234.075,0.805175,344.953,330.766,0.873933,276.546,330.759,0.887892,345.033,415.768,0.785489,274.135,411.114,0.869012
316.741,50.0607,0.887422,328.54,45.2338,0.981619,309.673,45.2339,0.993548,342.678,45.3183,0.796429,293.199,45.273,0.956132,356.782,102.076,0.892702,274.333,104.309,0.919891,352.08,160.923,0.889029,283.609,163.28,0.835539,337.952,215.161,0.875651,307.19,212.866,0.899069,340.272,234.022,0.744964,290.65,234.02,0.806161,344.928,328.565,0.868982,276.58,328.514,0.890511,345.015,413.427,0.786872,274.12,411.093,0.876766
319.019,50.1199,0.876492,328.568,45.2927,0.993214,309.693,45.2836,1.0042,342.681,45.3958,0.771794,293.197,45.3197,0.955957,354.489,102.066,0.896855,274.329,104.255,0.918316,352.075,160.867,0.893527,281.318,161.038,0.854088,337.959,215.14,0.868617,307.17,212.844,0.903033,340.314,234.017,0.74283,290.661,234.021,0.805458,344.948,330.777,0.869978,276.548,328.536,0.893662,345.014,415.779,0.786185,274.12,413.403,0.87287
319.063,57.0882,0.843454,328.573,45.4432,0.98525,311.861,45.4199,1.00975,342.644,45.3935,0.740329,293.226,45.3288,0.948153,354.497,102.064,0.891947,274.335,104.245,0.919005,352.067,160.862,0.894053,281.336,161.023,0.858361,337.935,215.153,0.874563,304.917,212.842,0.904244,340.313,233.994,0.738941,290.678,231.776,0.806641,344.946,330.783,0.870905,276.579,328.537,0.890977,345.011,415.796,0.783807,274.122,411.1,0.879024
316.75,59.4406,0.851701,328.545,47.6301,0.984277,309.69,47.5984,1.01029,342.665,45.4216,0.764017,293.218,45.2997,0.921397,354.477,102.056,0.893157,274.311,104.247,0.926169,352.047,160.861,0.89092,283.61,161.042,0.854984,337.901,215.2,0.882628,304.928,212.851,0.902107,342.616,234.036,0.740892,290.691,234.025,0.808174,344.958,330.808,0.876305,276.559,328.581,0.893303,345.006,415.777,0.786081,274.145,411.081,0.877091
319.039,61.7644,0.854368,328.559,47.698,0.966535,311.86,47.6696,0.997127,342.66,45.4248,0.7461,295.409,45.3176,0.928947,354.462,102.041,0.89161,274.296,104.241,0.927912,352.063,160.88,0.879962,283.612,161.055,0.847749,335.563,215.226,0.87385,304.904,212.842,0.893026,342.642,234.016,0.745965,290.684,234.016,0.812831,344.933,330.799,0.86437,276.562,328.558,0.897455,345.004,415.783,0.779171,274.115,411.117,0.878406
319.063,61.7672,0.860231,328.574,47.708,0.970816,311.875,47.6778,1.00357,342.638,47.6036,0.727554,295.424,45.3636,0.935232,354.492,102.051,0.886866,274.275,104.237,0.932547,349.846,160.983,0.878271,283.616,161.09,0.845304,333.228,215.313,0.860376,304.916,212.911,0.897603,342.674,234.055,0.748735,290.658,234.041,0.812002,344.961,330.83,0.872425,276.538,328.568,0.894037,345.029,415.797,0.785234,274.143,411.051,0.873709
319.057,61.8323,0.87141,328.574,47.7487,0.960914,311.868,47.7285,0.99085,342.629,47.584,0.711973,295.42,45.3692,0.923957,356.805,104.218,0.878021,274.277,102.072,0.937298,349.781,163.318,0.872818,283.603,161.053,0.849881,333.204,217.525,0.859198,304.917,212.897,0.902758,342.643,234.068,0.747277,290.643,234.021,0.809032,344.935,330.799,0.868282,276.535,328.533,0.896636,345.019,415.763,0.78466,274.116,411.082,0.877346
319.075,61.8468,0.876137,328.584,47.7602,0.963709,311.875,47.742,0.99054,342.616,47.5923,0.680808,295.415,45.3873,0.921264,356.809,104.222,0.880927,274.276,102.066,0.93525,349.771,163.374,0.868612,281.324,161.07,0.847599,330.943,217.604,0.84546,307.165,215.148,0.906607,342.653,234.088,0.74581,290.645,234.043,0.807402,344.918,330.839,0.8577,276.584,330.756,0.889497,345.038,415.818,0.780014,274.116,411.107,0.871666
319.04,61.8441,0.878142,328.556,47.7622,0.960523,311.858,47.747,0.989964,342.606,47.6197,0.714389,295.424,45.4099,0.916735,354.491,102.075,0.883309,274.299,102.062,0.931986,349.774,163.364,0.87052,281.323,161.08,0.85027,330.891,217.666,0.850048,304.913,215.18,0.894096,342.657,234.053,0.739773,290.66,234.001,0.805696,344.916,330.839,0.855511,276.553,328.564,0.889054,345.021,415.818,0.786624,274.117,413.408,0.879368
319.028,61.847,0.87965,328.554,47.7617,0.960619,309.712,47.7415,0.992965,342.606,47.6092,0.713401,295.416,45.3814,0.917063,356.772,104.215,0.881583,274.292,102.06,0.931473,349.791,163.346,0.870988,281.311,161.043,0.854789,330.919,217.68,0.853644,304.917,215.182,0.894666,342.658,234.087,0.741976,290.661,234.023,0.802581,342.669,330.808,0.859602,276.548,328.551,0.886802,345.03,415.779,0.784846,274.121,411.062,0.876032
319.028,61.8417,0.873247,328.561,47.7589,0.96029,309.715,47.7289,0.9886,342.618,47.5969,0.721236,293.217,45.3327,0.939305,356.773,104.217,0.880889,274.334,102.036,0.918951,349.796,163.362,0.861155,281.294,161.025,0.858787,330.925,217.706,0.850802,304.914,215.209,0.896275,344.914,234.121,0.742793,290.67,234.043,0.805122,344.929,330.868,0.858496,276.548,330.747,0.89268,345.026,418.124,0.785722,274.12,413.395,0.869961
316.749,61.8169,0.86871,328.541,47.7417,0.960433,309.697,47.7148,0.988272,342.64,47.5968,0.756319,293.223,45.3265,0.925937,356.765,104.214,0.878547,274.324,102.042,0.920239,349.813,163.336,0.859911,281.323,161.065,0.857501,330.955,217.682,0.859591,304.908,215.234,0.894265,342.652,234.085,0.737078,290.661,234.027,0.809265,344.932,330.812,0.867637,276.576,328.569,0.887856,345.035,415.779,0.785962,274.112,413.408,0.873721
316.738,61.8106,0.867993,328.527,47.7305,0.962574,309.687,47.7144,0.989889,342.65,45.4299,0.768116,293.222,45.3233,0.920384,354.501,104.221,0.881838,274.301,102.042,0.929299,349.775,163.382,0.863919,281.324,161.054,0.852658,330.957,219.927,0.843703,304.923,215.254,0.892529,342.669,234.084,0.734446,290.666,234.012,0.8099,344.952,330.853,0.866293,276.55,330.745,0.886143,345.013,415.817,0.783717,274.129,411.094,0.870593
316.748,61.8033,0.864557,328.533,47.7314,0.959746,309.697,47.7069,0.986048,342.638,47.5835,0.761802,293.221,45.3185,0.932713,354.497,104.225,0.879935,274.3,102.064,0.928437,349.775,163.381,0.866901,283.61,163.269,0.854404,330.948,219.943,0.850499,304.909,215.261,0.89007,342.663,234.043,0.736162,290.662,231.772,0.808191,344.936,330.811,0.865273,276.533,328.534,0.890804,345.01,415.753,0.782552,274.12,411.091,0.870243
316.713,61.8003,0.867966,328.509,47.7286,0.956226,309.674,47.7062,0.986314,342.641,45.4437,0.779374,293.215,45.3137,0.923422,356.763,104.228,0.879121,274.3,102.051,0.925211,349.76,165.659,0.862595,283.604,161.077,0.850662,330.948,219.979,0.84867,304.922,215.273,0.891185,342.668,234.068,0.732126,290.663,233.995,0.807331,344.945,330.842,0.861249,274.356,330.752,0.8909,345.032,418.108,0.783184,274.109,413.397,0.873553
316.711,61.7844,0.870389,328.501,47.7193,0.960617,309.668,47.6992,0.990653,342.614,47.5996,0.776918,293.213,45.3449,0.931063,356.783,104.236,0.880388,274.277,102.051,0.927844,349.758,165.651,0.859426,281.316,161.038,0.859656,333.163,219.961,0.850845,307.163,215.248,0.896475,342.647,234.05,0.729412,290.671,231.776,0.804526,344.918,330.787,0.861319,276.549,328.511,0.889001,345.018,413.463,0.782488,274.129,411.12,0.883399
316.68,61.8033,0.873575,328.482,47.7307,0.955384,309.652,47.7167,0.985834,342.617,45.4423,0.790606,293.213,45.3417,0.915923,356.783,104.236,0.879522,274.281,102.049,0.92924,349.743,165.684,0.856207,281.293,161.009,0.855301,330.962,219.971,0.842291,307.168,215.25,0.896314,342.639,234.048,0.728879,290.66,231.773,0.803923,344.931,330.808,0.859542,276.528,328.561,0.885915,345.031,415.774,0.782591,274.109,413.413,0.875322
316.659,61.7999,0.879936,328.465,47.7341,0.956159,309.641,47.7171,0.988449,340.321,47.6072,0.78075,293.206,45.358,0.916147,356.818,104.246,0.878248,274.282,102.067,0.928954,349.739,165.71,0.852135,281.28,161.038,0.856018,330.961,219.996,0.838823,307.179,215.263,0.909282,342.664,234.077,0.730851,290.664,234.006,0.804063,344.922,330.808,0.858353,276.534,328.555,0.883413,345.023,415.804,0.779282,271.959,413.407,0.870433
314.42,61.8096,0.881138,328.442,47.7465,0.941203,309.623,47.7302,0.97756,340.307,47.5937,0.783809,293.196,45.3482,0.903587,356.812,104.243,0.879772,274.257,102.042,0.93396,349.726,165.717,0.852129,281.259,161.003,0.851956,330.942,219.989,0.839795,307.176,215.251,0.904086,342.658,234.102,0.737716,290.663,234.021,0.804809,344.945,330.829,0.860495,274.355,328.571,0.884592,344.995,413.45,0.779786,271.955,413.436,0.873386
314.389,61.8097,0.884404,328.409,47.7443,0.930006,309.602,47.7344,0.971744,340.292,45.4326,0.79626,293.185,45.3481,0.892226,359.137,104.246,0.88032,274.283,102.05,0.932677,349.729,168.011,0.848006,281.267,161.026,0.85115,330.947,219.988,0.826266,307.165,215.285,0.900404,342.661,234.096,0.732135,290.624,234.01,0.80647,344.927,330.818,0.863677,274.348,328.582,0.889312,345.02,415.821,0.784778,274.127,413.394,0.867595
314.359,61.8085,0.886849,328.383,47.7409,0.926829,309.571,47.7314,0.969139,340.282,45.3943,0.801529,293.159,45.3278,0.8858,359.144,104.243,0.879304,274.283,102.072,0.934067,349.707,168.043,0.851382,281.28,161.086,0.84574,330.918,220.025,0.82366,307.206,215.324,0.903295,342.654,234.12,0.736904,290.627,234.04,0.808362,344.943,330.838,0.864161,274.328,330.763,0.889928,344.999,415.81,0.785753,274.137,411.13,0.871504
314.381,61.8029,0.884305,328.408,47.741,0.941948,309.577,47.7189,0.974999,340.246,45.4161,0.763813,293.123,45.326,0.923225,359.132,104.231,0.876708,274.235,102.07,0.933083,349.719,168.021,0.84513,281.276,163.292,0.842374,330.907,220.024,0.817248,307.203,217.515,0.908365,344.912,234.152,0.735899,290.603,234.084,0.799721,344.947,330.896,0.854897,274.303,330.839,0.900279,345.009,418.118,0.778231,274.116,413.435,0.865355
314.35,61.8168,0.893251,328.36,47.7547,0.92676,309.549,47.7423,0.96384,337.894,45.4217,0.765056,293.107,45.3688,0.904569,356.785,102.066,0.886953,274.224,102.064,0.938508,349.709,168.005,0.853478,281.267,163.31,0.84723,330.887,220.005,0.817524,307.183,217.542,0.900585,342.66,234.1,0.735811,290.61,234.039,0.802686,344.947,330.857,0.8609,274.295,330.794,0.895564,345.032,418.088,0.779215,274.131,411.13,0.866185
312.094,61.8179,0.917983,326.102,47.7407,0.925152,307.279,47.7356,0.949179,335.56,45.4159,0.789043,293.003,45.3578,0.888125,356.77,102.055,0.892215,274.201,102.052,0.94298,349.725,165.706,0.85724,278.984,163.297,0.852732,330.852,219.967,0.828574,304.906,217.535,0.885827,342.598,234.1,0.734877,290.593,234.034,0.800619,344.921,330.858,0.853129,274.281,330.754,0.888363,345.026,418.094,0.788603,271.954,413.412,0.869838
312.097,61.8233,0.916128,326.119,47.7576,0.931602,307.282,47.7321,0.946164,335.525,45.4296,0.750224,290.815,45.3237,0.902834,354.458,102.056,0.899346,274.15,102.067,0.941904,349.729,165.658,0.873306,278.983,163.304,0.852058,330.839,219.932,0.832356,304.89,217.532,0.88459,340.275,234.132,0.737051,288.383,234.093,0.793252,344.914,330.863,0.85582,274.272,330.844,0.899933,345.037,418.128,0.787542,271.956,413.435,0.865701
312.025,61.8442,0.929241,323.801,47.7639,0.904507,307.189,47.7522,0.922019,333.282,45.4334,0.809496,290.761,45.3466,0.8707,352.164,102.013,0.910338,274.148,102.04,0.934545,349.731,163.375,0.881722,278.94,161.052,0.861303,330.882,217.657,0.854337,304.851,217.492,0.882277,337.924,234.056,0.726821,288.345,234.014,0.780647,342.668,330.802,0.857413,274.291,330.759,0.894564,345.035,418.108,0.790593,274.132,411.1,0.871825
311.945,61.87,0.934112,321.453,47.783,0.88663,304.881,47.7562,0.905058,333.239,45.3959,0.816948,290.667,45.2528,0.865616,352.155,102.023,0.906642,274.125,102.048,0.937076,349.733,163.371,0.879259,278.914,163.283,0.859406,330.885,217.656,0.869204,302.541,217.544,0.882006,337.903,234.083,0.735665,288.323,234.05,0.778328,344.908,330.784,0.863735,274.282,328.555,0.903761,345.03,415.799,0.793106,274.13,411.125,0.87449
311.88,61.847,0.939065,321.393,47.7434,0.890046,302.525,47.7213,0.904746,333.226,45.3829,0.819148,290.598,45.2409,0.841456,352.107,102.006,0.914445,271.937,102.031,0.9263,349.717,163.351,0.881248,276.657,163.308,0.858062,330.85,217.658,0.861392,302.491,217.569,0.878867,337.891,234.146,0.732333,288.327,234.114,0.773055,342.683,330.845,0.853575,274.276,330.785,0.894969,345.028,418.125,0.789413,271.96,413.392,0.868563
309.652,61.8493,0.936662,316.739,47.7404,0.898401,297.873,47.7268,0.923471,330.985,45.374,0.857305,288.379,45.239,0.800357,352.053,102.028,0.922745,271.848,104.232,0.936148,349.677,163.406,0.880952,276.659,165.651,0.853443,330.832,217.676,0.869164,300.158,217.63,0.885737,335.594,234.114,0.735301,288.306,234.118,0.776636,342.684,330.824,0.851593,274.258,330.805,0.90292,347.226,418.168,0.79178,271.952,413.437,0.863556
309.613,61.8342,0.930218,316.687,47.7296,0.908381,297.815,47.7029,0.933205,330.933,45.4185,0.873888,288.307,45.2599,0.824538,352.043,102.024,0.922841,271.82,104.215,0.934262,347.455,165.735,0.874673,276.658,165.715,0.848687,328.56,219.941,0.844599,297.842,219.923,0.864359,335.56,234.165,0.755209,288.306,234.167,0.786369,342.675,330.833,0.852079,274.282,330.834,0.913783,347.233,418.117,0.796194,274.117,411.13,0.879069
309.604,61.8159,0.927441,316.672,47.694,0.912798,297.774,47.6844,0.937916,330.913,45.3641,0.861777,286.042,45.2407,0.80857,352.042,102.021,0.917961,271.768,102.074,0.926854,347.407,168.033,0.886869,276.653,168.011,0.848806,328.494,219.943,0.849937,295.514,219.935,0.880789,333.302,234.136,0.758854,286.003,234.157,0.779285,342.648,330.777,0.854046,274.271,330.799,0.914062,345.024,415.776,0.788692,271.959,413.407,0.873713
309.551,61.7534,0.908324,314.373,47.6679,0.930914,295.515,47.6745,0.960983,330.831,45.387,0.892148,288.288,45.3127,0.770763,349.824,102.021,0.940828,271.761,104.232,0.931108,347.334,168.015,0.892126,276.628,168.025,0.847073,328.514,217.696,0.876131,295.427,219.951,0.878271,335.553,234.124,0.754952,286.049,234.168,0.775816,342.65,330.794,0.852062,274.27,330.798,0.911505,345.021,415.822,0.788008,271.948,413.47,0.876839
309.528,59.507,0.903431,314.341,47.6352,0.941004,295.479,47.6566,0.970057,330.795,45.352,0.895939,286.042,45.3403,0.785292,349.755,102.004,0.949128,271.737,102.07,0.920184,347.283,165.708,0.890584,276.591,167.998,0.853636,328.439,219.993,0.857473,293.119,217.703,0.909277,333.288,234.116,0.760728,286.01,234.125,0.759005,340.294,330.801,0.846602,274.266,330.775,0.909513,345.033,418.087,0.79174,274.112,413.422,0.87323
309.479,59.5197,0.894686,314.296,47.6315,0.945338,295.425,47.6599,0.988384,330.775,45.323,0.898106,286.004,45.3142,0.743551,349.796,102.013,0.933931,269.536,102.009,0.911195,347.229,165.667,0.882372,274.327,163.394,0.875754,328.398,219.99,0.851964,293.043,217.671,0.937681,333.286,234.152,0.760557,285.974,234.149,0.748539,340.314,330.808,0.850806,274.229,330.858,0.920284,345.035,415.756,0.795455,271.946,413.428,0.876073
307.233,59.5272,0.880772,312.058,47.6282,0.951023,293.189,47.6662,1.00779,330.743,45.2723,0.900972,283.683,45.2624,0.663815,349.709,102.032,0.94161,271.728,102.022,0.916965,345.01,165.661,0.874242,274.291,165.705,0.874591,323.775,222.315,0.783326,290.808,219.927,0.911451,333.202,234.142,0.779391,285.955,234.137,0.748061,340.314,330.848,0.849955,274.223,330.854,0.92428,345.04,418.124,0.808002,271.948,413.459,0.88262
307.18,61.7714,0.879401,312.028,47.6594,0.963204,293.158,47.6764,1.02212,330.741,45.2897,0.909427,285.955,45.2152,0.579402,349.721,101.999,0.9457,269.524,102.005,0.919035,340.321,165.656,0.846182,274.25,163.377,0.885863,321.361,222.319,0.774396,290.667,219.92,0.893385,333.168,234.08,0.787008,285.96,234.087,0.750127,340.263,330.827,0.847421,274.197,330.856,0.924898,345.008,415.811,0.797865,271.924,415.763,0.883308
304.884,61.7873,0.861522,311.966,47.6901,0.963349,293.119,47.6936,1.02083,328.566,45.3208,0.914905,283.661,45.1993,0.578041,349.648,102.017,0.94432,269.455,101.993,0.891536,337.898,163.297,0.824482,271.869,160.937,0.926194,311.935,220.038,0.822231,281.324,217.596,0.878694,330.958,234.051,0.801528,283.618,234.04,0.739908,337.92,330.796,0.856938,274.154,330.809,0.937506,344.992,418.154,0.811344,271.934,413.395,0.878797
302.549,61.7896,0.847978,311.917,47.6883,0.951922,293.06,47.6879,1.01456,328.521,45.3465,0.91407,281.327,45.2219,0.569544,347.35,101.957,0.916839,269.485,101.98,0.893972,333.157,161.043,0.874928,271.764,160.951,0.922522,307.269,220.008,0.825616,274.249,217.586,0.90884,330.887,234.058,0.816205,281.283,234.048,0.734982,337.887,330.779,0.860987,274.105,330.788,0.939356,344.999,418.165,0.816406,271.943,413.393,0.885286
302.553,61.8317,0.849577,311.941,47.7198,0.946397,293.06,47.702,1.01059,328.546,45.3871,0.891222,281.302,43.0101,0.572533,347.297,102.032,0.910136,269.534,101.942,0.887699,328.537,163.356,0.880801,269.393,160.85,0.908541,293.142,217.722,0.812633,271.778,215.176,0.859343,330.875,234.01,0.822124,281.254,234.083,0.730641,335.607,330.786,0.866636,274.111,330.835,0.931487,344.991,418.149,0.812594,271.952,413.416,0.874637
297.866,61.7884,0.838103,309.69,47.7082,0.948838,292.98,47.6853,1.00271,328.517,45.3798,0.920999,281.27,42.9749,0.423286,345.033,102.02,0.87998,269.504,101.901,0.879749,326.027,163.304,0.865365,264.752,158.55,0.879821,283.644,217.603,0.795355,257.739,210.535,0.843524,330.896,236.419,0.823602,281.328,236.485,0.769948,335.56,330.806,0.873346,271.909,330.813,0.938322,344.984,418.176,0.816677,271.932,413.437,0.872447
295.51,61.8154,0.848338,309.613,47.7537,0.945781,290.762,47.7027,0.987652,328.516,47.6013,0.933229,278.929,42.9249,0.294386,345.026,101.992,0.880106,271.73,101.89,0.879628,314.366,163.329,0.900089,260.094,158.461,0.859993,271.908,215.328,0.849674,252.981,205.827,0.846465,330.926,236.477,0.825838,283.672,236.466,0.788327,335.552,330.827,0.871428,271.863,330.847,0.915556,344.984,418.173,0.82427,271.957,411.13,0.873213
295.507,61.8042,0.85265,309.613,47.745,0.94143,290.763,47.6893,0.992517,328.521,47.6146,0.938923,278.932,42.9294,0.33785,342.606,101.967,0.836851,271.807,99.6441,0.881799,311.923,160.99,0.934168,255.472,156.148,0.870211,257.692,212.772,0.794435,241.223,201.05,0.784311,330.921,236.435,0.810367,281.343,236.448,0.790099,335.568,330.811,0.871341,271.801,330.75,0.912701,344.95,418.093,0.811369,271.94,411.113,0.873384
295.484,61.84,0.860504,309.564,47.7719,0.930208,290.727,47.7406,0.986321,328.492,47.6405,0.935899,278.954,45.2603,0.318444,337.962,101.945,0.841011,271.872,101.824,0.896969,307.233,161.02,0.91022,255.277,153.879,0.882134,248.279,201.059,0.857977,234.054,194.017,0.75376,330.864,236.545,0.822618,281.309,236.446,0.789328,333.235,330.963,0.863384,271.776,330.792,0.910769,344.969,420.431,0.828429,274.11,408.795,0.878518
293.162,61.8624,0.888451,307.236,47.797,0.903365,290.608,47.7834,0.953564,328.449,47.6133,0.94455,278.937,42.9528,0.162093,337.884,101.888,0.830695,271.958,101.856,0.919879,300.161,158.577,0.843869,252.955,156.175,0.927964,236.473,196.301,0.879756,220.014,186.881,0.754208,330.857,236.443,0.819387,281.348,234.098,0.762921,333.19,330.942,0.868778,271.74,328.551,0.900188,344.943,418.164,0.81532,271.943,411.047,0.870055
293.157,61.8637,0.892899,307.223,47.8036,0.896381,290.598,47.7776,0.959657,328.452,47.6006,0.941091,278.977,42.9525,0.161024,333.263,101.865,0.836767,274.225,99.6464,0.918023,290.71,158.533,0.857204,252.935,146.835,0.885185,224.653,184.568,0.822592,217.505,177.422,0.739658,330.814,236.426,0.794893,285.979,234.014,0.756226,330.959,333.199,0.858003,269.523,330.767,0.874001,344.983,420.462,0.829933,271.948,411.052,0.866648
293.106,61.8789,0.904486,307.168,50.0012,0.873335,288.36,47.7718,0.962106,328.405,47.6339,0.946161,274.325,45.2051,0.231434,330.95,101.844,0.852934,274.346,101.856,0.874177,278.98,156.169,0.815423,250.61,142.16,0.813147,215.136,172.78,0.808824,212.826,163.325,0.677267,330.753,236.474,0.781563,285.976,234.14,0.757495,330.91,333.233,0.858483,269.524,330.845,0.873157,345.006,420.491,0.844707,271.936,411.077,0.868945
293.052,64.1057,0.919721,304.861,50.0206,0.856591,288.279,47.8127,0.939957,328.369,47.6,0.948354,274.26,43.0088,0.240325,330.896,101.841,0.857139,276.598,99.6169,0.848338,269.537,146.753,0.805421,255.384,146.802,0.591136,205.747,158.624,0.815826,212.858,158.595,0.50541,328.495,238.804,0.774406,281.328,236.432,0.756324,330.856,335.596,0.842435,269.538,333.165,0.851394,345.038,420.425,0.825119,271.953,411.07,0.857177
290.812,64.0848,0.930843,300.205,47.7839,0.865082,281.347,47.7606,0.942448,326.155,47.6093,0.955644,274.139,45.2937,0.258628,330.781,99.6328,0.86429,276.604,99.5816,0.82871,271.775,142.163,0.92497,257.764,144.496,0.360727,198.715,142.196,0.949782,201.131,142.058,0.165245,328.356,238.786,0.775025,276.655,236.408,0.768499,330.784,335.551,0.844184,269.522,330.96,0.834407,345.028,418.15,0.815295,271.935,411.068,0.84657
290.726,61.86,0.905738,297.847,47.7138,0.878092,278.968,47.6985,0.947837,326.178,45.3559,0.940033,271.865,42.9071,0.125547,328.582,99.5881,0.870552,278.922,97.2029,0.792118,257.667,139.74,0.828513,252.979,139.737,0.55789,196.31,125.627,0.704216,198.65,123.325,0.529249,328.401,238.791,0.77529,278.966,234.163,0.76988,328.579,333.285,0.836828,269.489,330.909,0.842023,345.039,415.826,0.807923,271.939,411.043,0.852911
290.684,61.8891,0.9102,297.788,47.7339,0.872889,278.906,47.7375,0.959238,326.104,45.3669,0.934991,271.876,45.3389,0.205491,328.387,99.5138,0.842203,281.313,94.8481,0.725694,253.007,137.32,0.90567,252.893,134.997,0.39963,196.371,113.796,0.778231,198.694,109.038,0.483802,326.038,236.531,0.759013,278.927,234.123,0.764576,328.508,333.205,0.842246,269.477,330.825,0.840435,345.038,415.793,0.810423,271.937,411.047,0.857334
290.65,64.078,0.908539,297.78,47.7303,0.872795,276.614,47.7135,0.991602,326.055,45.3291,0.911283,271.732,45.2101,0.2558,326.046,94.9068,0.8094,285.982,90.1426,0.694138,250.608,130.288,0.861973,248.297,130.26,0.297031,196.237,101.856,0.892345,201.104,101.983,0.311451,323.744,236.496,0.746031,276.567,234.121,0.759322,328.486,333.209,0.83776,269.411,330.764,0.821892,345.035,415.742,0.807829,271.951,408.711,0.857486
290.602,61.8957,0.896625,295.455,47.7493,0.889153,276.605,47.7785,0.976115,321.417,45.2779,0.885777,271.755,45.3158,0.204712,321.389,94.8478,0.805119,288.386,87.8073,0.658868,245.897,123.295,0.913774,250.613,132.583,0.18367,196.46,85.4343,0.959576,208.162,87.8541,0.151284,319.089,236.403,0.732325,276.546,234.042,0.744816,328.425,333.167,0.834328,269.44,330.792,0.814746,347.249,415.76,0.812203,271.959,408.758,0.839201
290.627,64.1488,0.92653,295.502,47.7843,0.892709,276.553,50.0124,0.994767,321.405,45.2756,0.88671,269.451,45.3383,0.29594,319.088,94.8521,0.814212,281.326,87.8019,0.621621,245.914,120.952,0.91821,243.56,125.537,0.188518,201.051,78.3427,0.855723,217.57,90.1829,0.109256,319.069,234.169,0.737305,274.289,233.995,0.755795,328.364,330.918,0.840891,269.399,328.567,0.819271,347.254,413.463,0.816702,271.948,411.04,0.833876
288.415,64.1366,0.911592,295.434,47.7766,0.906712,274.312,50.0119,1.01337,319.04,45.2993,0.870385,267.122,45.3949,0.267445,316.686,92.5561,0.810855,286.019,87.801,0.614248,243.517,120.792,0.893584,245.886,125.553,0.199995,212.805,66.4896,0.892884,215.156,68.9525,0.0813178,319.03,234.183,0.743249,274.315,234.009,0.751166,326.128,330.948,0.830965,269.403,328.565,0.819654,347.253,415.765,0.817393,274.111,408.787,0.835898
286.041,64.2002,0.886021,293.098,47.8294,0.922365,274.228,50.064,0.989236,314.419,45.2173,0.866669,260.064,40.6021,0.16505,314.386,92.4927,0.808903,290.648,85.4952,0.610212,238.863,113.769,0.868055,245.9,118.468,0.101314,217.475,57.175,0.910238,219.8795,58.2979,0.07721615,316.729,234.126,0.745885,276.592,231.751,0.739073,326.045,330.926,0.822767,267.12,328.501,0.816823,347.238,415.814,0.819838,271.945,408.763,0.833322
281.288,64.2853,0.87481,290.827,50.1103,0.89269,274.171,50.1364,0.951405,314.35,45.3015,0.890593,260.139,33.5573,0.111659,314.335,92.5237,0.807302,283.67,85.5272,0.635279,236.577,104.427,0.904668,236.464,106.672,0.148608,219.938,50.1038,0.916514,224.603,47.6433,0.0731145,316.69,234.181,0.747541,276.647,234.01,0.742533,323.772,333.223,0.798828,267.122,328.547,0.81211,347.263,418.129,0.822747,271.945,411.053,0.827598
281.252,66.5177,0.862753,290.767,54.7492,0.871878,274.188,54.7452,0.928006,312.09,45.3324,0.88959,269.424,42.9244,0.109139,314.311,92.4976,0.829141,288.299,85.4946,0.575495,236.454,104.308,0.963686,236.435,97.3041,0.102611,231.768,47.7461,0.889897,232.26375,47.640925,0.07473565,316.678,234.133,0.753027,278.909,231.754,0.736156,321.401,330.937,0.811253,267.087,328.513,0.812265,347.272,418.139,0.825754,271.905,411.112,0.82629
281.274,66.5655,0.861941,290.814,57.0839,0.854397,274.162,57.112,0.933489,311.954,47.6454,0.909963,269.399,47.6011,0.244597,311.955,90.2199,0.840552,288.336,85.5086,0.602015,236.428,101.906,0.944961,236.446,101.941,0.109648,236.403,45.3572,0.880072,239.9245,47.63855,0.0763568,314.39,234.111,0.768681,276.664,231.758,0.741992,316.753,330.91,0.821495,264.784,328.505,0.808963,347.292,418.113,0.832151,271.911,411.06,0.830044
276.587,66.6277,0.902556,290.678,57.156,0.837231,274.11,59.4478,0.869792,311.86,47.64,0.909829,269.475,42.9646,0.109313,311.932,90.1569,0.83255,290.703,85.4506,0.594177,236.477,101.837,0.9349,236.585,118.277,0.0561004,236.593,45.2742,0.889532,247.58525,47.636175,0.07797795,314.336,234.008,0.748782,278.982,229.408,0.712947,316.702,330.859,0.835012,264.76,328.443,0.805953,347.299,418.107,0.832337,271.902,408.769,0.833568
276.569,66.6927,0.898123,290.645,61.7392,0.828642,271.952,61.8042,0.873643,309.674,47.7018,0.909084,269.43733333333336,44.54926666666667,0.1187406666666666,311.9,92.5452,0.836185,288.35,85.5114,0.616824,236.46,99.6291,0.909856,245.831,90.2063,0.0916781,238.902,45.1876,0.797349,255.246,47.6338,0.0795991,314.347,234.046,0.751049,283.622,231.7,0.717753,316.658,330.882,0.823169,262.42,328.408,0.79775,347.296,415.776,0.824757,271.909,408.727,0.830539
276.574,68.8998,0.894089,290.646,61.7479,0.827997,271.917,61.8423,0.90726,309.687,47.7565,0.913268,269.3996666666667,46.13393333333333,0.1281683333333333,309.646,94.8655,0.807603,286.04,85.5519,0.642935,236.452,101.844,0.89284,236.458,101.879,0.154341,238.894,45.2135,0.772188,253.056,47.6667,0.100378,314.357,234.088,0.753412,283.633,231.733,0.725471,314.382,330.953,0.832315,260.086,328.418,0.815739,347.271,418.136,0.830674,271.885,408.751,0.834129
276.543,68.9845,0.906221,290.616,61.8106,0.843526,271.866,61.8851,0.948887,309.679,47.7708,0.900831,269.362,47.7186,0.137596,309.589,94.9242,0.787701,285.994,87.7773,0.62188,236.414,101.924,0.924484,236.52,104.285,0.0966269,236.497,45.2485,0.879107,252.874,47.6766,0.0769717,314.38,234.124,0.762037,281.304,231.775,0.738243,314.314,330.956,0.84605,260.035,328.423,0.829434,347.259,418.166,0.830867,271.909,408.719,0.839293
276.528,71.2588,0.894966,290.586,61.8909,0.866695,271.848,64.0842,0.986118,309.679,47.8112,0.905713,267.064,47.7551,0.148987,309.599,97.2776,0.840932,288.35,87.813,0.589916,236.407,102.052,0.977148,252.811,102.002,0.064028,234.16,45.2012,0.899822,252.857,47.673,0.0620051,314.414,234.182,0.755901,283.606,234.009,0.73948,312.095,333.195,0.842351,257.711,328.446,0.857772,347.265,420.471,0.842903,271.901,408.794,0.838302
274.313,71.3163,0.890993,288.31,64.1183,0.877081,271.812,64.1185,0.983457,309.702,50.0771,0.92815,259.978,47.6617,0.126902,309.677,99.5491,0.852299,290.659,87.8665,0.638104,236.481,104.443,0.976355,252.894,99.5857,0.0648685,224.644,47.7463,0.897504,238.826,45.4203,0.0801313,319.082,236.466,0.75217,285.968,234.099,0.756029,314.325,333.206,0.835708,257.669,328.505,0.860328,345.04,418.164,0.828152,271.948,408.73,0.861487
286.0,73.6606,0.861349,293.038,64.1213,0.933656,274.117,64.247,1.02882,311.886,50.0138,0.919048,257.698,59.4497,0.473634,314.299,99.5831,0.822754,278.963,94.8672,0.63832,238.877,116.162,0.871146,241.219,113.741,0.219156,215.216,61.8682,0.896652,217.523,54.7698,0.174661,321.406,236.511,0.74447,283.665,236.386,0.743848,316.676,335.605,0.791186,257.72,330.805,0.845532,344.988,420.452,0.823391,271.943,408.772,0.845081
290.587,73.6827,0.887639,293.219,64.1202,0.905163,274.251,64.2627,1.03855,312.016,47.7745,0.900699,260.075,59.4726,0.521963,316.726,101.833,0.828154,276.568,97.2447,0.65497,245.899,123.259,0.8925,243.53,125.615,0.254643,198.79,85.3752,0.923621,215.221,94.9025,0.164017,326.101,236.564,0.757487,283.635,236.467,0.745109,323.709,337.926,0.760477,260.065,330.844,0.814911,344.97,418.157,0.80725,271.945,411.045,0.847544
290.678,71.329,0.88418,295.527,61.8829,0.870849,276.55,64.1843,0.977722,312.104,50.0204,0.871061,264.764,57.1581,0.619722,326.051,101.915,0.843675,274.144,101.903,0.79583,253.01,139.683,0.84506,248.225,144.405,0.478281,196.226,118.436,0.772674,201.071,120.914,0.540374,328.53,241.154,0.766617,278.954,236.566,0.745758,328.588,340.276,0.815375,267.15,335.533,0.791252,345.038,415.819,0.820949,271.938,411.086,0.861429
293.033,73.6825,0.877593,304.854,64.1059,0.859144,279.001,64.2179,0.90342,316.719,50.0393,0.822422,269.526,57.1583,0.725865,328.416,101.861,0.882652,271.83,101.995,0.894435,257.698,142.198,0.710723,255.304,156.195,0.695771,198.83,158.666,0.733535,205.751,161.019,0.663113,330.962,236.425,0.7771,283.647,234.147,0.747266,335.588,333.168,0.790417,271.808,330.877,0.869146,347.353,411.076,0.83212,274.108,411.106,0.860851
293.237,71.3464,0.879335,307.283,61.8887,0.914157,288.274,64.1779,0.894632,316.728,50.1274,0.751053,271.741,59.4315,0.834146,328.487,99.6048,0.866948,267.152,102.019,0.855032,271.892,158.457,0.802961,262.391,158.664,0.511207,219.961,198.66,0.752706,224.632,196.45,0.377341,330.967,234.072,0.792757,283.701,234.058,0.763843,344.993,330.756,0.849654,271.879,328.506,0.889945,347.432,413.429,0.832714,274.171,411.098,0.866696
297.861,71.2814,0.823419,309.666,61.8896,0.941231,290.687,64.1337,0.91757,323.731,50.094,0.576154,271.796,52.4313,0.912019,330.83,99.6371,0.917291,257.748,102.052,0.894094,295.492,167.986,0.810448,257.776,161.063,0.885954,269.442,220.014,0.660711,260.046,220.005,0.770336,333.268,236.394,0.790477,288.359,236.469,0.835092,349.645,330.897,0.857677,274.198,330.827,0.885292,349.621,415.742,0.835211,274.216,411.123,0.880387
300.217,68.9726,0.838657,309.709,61.8289,0.95776,290.751,61.8788,0.920998,323.755,50.0783,0.470253,271.788,52.4225,0.928,333.211,101.825,0.899942,255.335,104.413,0.929761,326.146,163.328,0.843017,271.927,163.293,0.937751,312.06,231.675,0.797929,290.806,222.359,0.787758,335.597,229.411,0.718103,288.346,231.721,0.73006,349.77,330.939,0.859546,274.233,328.568,0.888859,349.64,413.449,0.837663,274.2,411.076,0.876547
304.891,68.9617,0.84511,311.903,61.79,0.951744,292.996,61.8625,0.925642,319.087,47.6571,0.218099,271.749,50.1164,0.919353,337.933,101.949,0.857449,255.429,109.006,0.89258,347.406,158.572,0.918386,290.613,165.639,0.873423,352.13,222.311,0.845639,328.478,222.304,0.88501,340.232,234.177,0.720646,288.398,236.445,0.784346,352.059,333.22,0.824617,274.262,330.787,0.880507,349.647,413.455,0.849008,274.192,411.107,0.871622
309.48,66.6938,0.913225,311.997,59.4289,0.897376,293.117,61.782,0.928043,311.998,45.2907,0.0667614,271.749,50.0612,0.916161,342.595,97.2237,0.83159,257.671,111.413,0.870535,361.545,144.436,0.888916,307.237,165.655,0.876962,385.093,193.951,0.884504,356.78,205.751,0.739546,342.646,233.996,0.781045,290.669,236.442,0.853414,352.064,328.505,0.880993,276.547,330.93,0.864829,349.626,411.115,0.853349,274.19,411.108,0.866886
309.529,66.6251,0.957059,312.109,57.0854,0.911919,293.169,59.4276,0.901777,323.774,47.5871,0.122007,271.834,47.6854,0.945616,335.554,99.5473,0.834861,262.451,109.02,0.833418,366.151,139.741,0.925597,312.097,160.941,0.843133,403.961,161.029,0.878493,385.093,179.827,0.930182,342.671,233.995,0.785454,290.798,236.501,0.857428,352.039,328.534,0.901138,276.636,330.911,0.842495,349.637,411.082,0.858698,274.167,411.066,0.866814
309.623,66.4863,0.971909,314.423,50.151,0.918357,295.464,52.3821,0.889095,323.824,45.3357,0.104985,271.938,45.3851,0.971232,330.749,90.2023,0.868294,267.133,104.339,0.891456,368.51,127.933,0.918172,330.769,156.203,0.879732,406.338,139.614,0.855504,394.541,153.883,0.799203,340.28,231.745,0.771745,290.838,236.464,0.855133,352.037,328.413,0.887279,276.66,330.832,0.827479,347.461,413.426,0.849553,274.133,408.783,0.872541
311.881,64.2512,0.952041,319.084,50.1002,0.941407,300.206,50.08,0.890665,328.397,43.0004,0.0729735,274.281,45.3493,1.00718,328.587,92.4836,0.886713,269.458,101.964,0.885229,368.566,125.6,0.72309,342.651,139.715,0.828877,418.094,118.434,0.6428,408.697,120.859,0.774451,342.632,231.75,0.788986,293.004,236.47,0.857774,349.797,326.09,0.874614,285.985,328.567,0.82205,347.385,408.747,0.838218,274.109,408.8,0.862451
314.322,64.1926,0.896352,326.144,50.1047,0.960078,307.291,47.8247,0.936618,328.397,43.0004,0.0729735,276.598,45.2648,0.950719,328.404,87.8386,0.87777,271.927,99.6219,0.868865,366.202,123.155,0.595074,352.053,125.609,0.84607,406.291,94.9059,0.463492,406.412,97.1965,0.80588,345.022,231.678,0.77095,295.482,236.415,0.801498,349.848,326.152,0.872284,290.713,330.775,0.87618,347.294,411.031,0.818615,271.895,411.075,0.869248
319.072,64.1732,0.862481,328.509,50.0995,0.969917,309.655,47.7763,0.95862,328.397,43.0004,0.0729735,281.281,42.9856,0.900972,326.158,87.8064,0.803633,274.217,94.9017,0.811625,366.24,120.784,0.379752,361.535,120.858,0.908778,399.233,71.2713,0.177149,403.863,68.949,0.895648,345.006,231.731,0.762391,295.536,236.466,0.772972,352.115,328.438,0.865901,293.002,330.786,0.879694,345.039,413.397,0.801324,271.889,411.068,0.862024
319.064,64.2033,0.847956,328.527,50.1414,0.958601,309.712,47.8237,0.94265,328.397,43.0004,0.0729735,286.041,45.2095,0.916594,323.752,90.1849,0.651557,278.955,90.1391,0.780157,366.328,120.775,0.354926,361.529,106.647,0.8901,399.233,71.2713,0.177149,385.077,59.5034,0.884455,347.305,233.995,0.780766,300.204,236.422,0.74365,354.407,328.513,0.855325,293.102,330.846,0.863309,344.955,411.031,0.78016,271.827,411.13,0.84478
326.13,64.1878,0.911461,330.812,50.1442,0.884265,314.317,50.0463,0.911238,328.397,43.0004,0.0729735,290.676,42.9128,0.94009,321.401,85.52,0.618599,283.611,87.8383,0.811137,366.296,106.747,0.337752,363.815,101.953,0.949821,399.233,71.2713,0.177149,368.539,52.4039,0.894916,347.279,229.4,0.759092,307.178,234.055,0.75061,354.451,328.477,0.834473,295.439,330.782,0.858003,344.969,408.756,0.792752,271.837,413.42,0.852814
328.417,64.2433,0.929041,330.963,52.4389,0.769145,319.022,50.0162,0.871717,0.0,0.0,0.0,293.007,40.6349,0.957312,316.659,87.812,0.654851,285.988,85.5423,0.834854,366.213,104.344,0.397255,359.181,97.1822,0.82362,352.128,78.2861,0.112378,361.5,50.0934,0.789114,347.314,231.736,0.77998,307.18,234.126,0.749313,354.439,328.475,0.848832,295.443,330.897,0.840984,342.687,408.746,0.786697,271.872,413.472,0.851553
330.784,64.2108,0.972452,335.585,50.1533,0.761552,326.058,50.0073,0.906773,0.0,0.0,0.0,293.214,40.6141,0.940768,319.057,87.776,0.601856,288.316,85.4648,0.872915,366.218,104.332,0.336406,359.124,94.8877,0.826302,352.128,78.2861,0.112378,349.849,50.0301,0.615738,347.279,227.025,0.754684,307.177,231.773,0.73128,354.445,328.477,0.84868,295.472,330.823,0.843095,344.926,408.708,0.799667,271.9,411.117,0.855523
330.967,64.2015,0.926333,340.264,50.1362,0.749771,328.373,47.8272,0.945094,0.0,0.0,0.0,295.427,40.6385,0.921718,321.387,87.7736,0.53814,290.612,85.4371,0.887982,366.288,104.29,0.3044,359.177,99.6148,0.845319,352.128,78.2861,0.112378,349.697,57.1424,0.515676,347.289,227.017,0.754316,307.188,233.999,0.736911,352.175,328.408,0.843947,295.531,330.788,0.836596,344.932,408.706,0.793902,271.867,413.44,0.855927
333.204,64.0613,0.882513,340.259,47.8372,0.635322,328.431,47.7124,0.926692,0.0,0.0,0.0,295.549,40.5743,0.902616,314.386,83.1124,0.518822,290.703,83.1448,0.893969,366.292,101.987,0.215507,363.877,101.878,0.913755,352.128,78.2861,0.112378,347.45,54.8173,0.621673,347.257,222.341,0.742027,307.289,229.418,0.732568,354.408,328.437,0.850492,297.784,330.774,0.833753,344.933,408.73,0.791249,271.848,413.437,0.854353
333.243,61.8587,0.861758,340.322,47.8139,0.602312,328.526,47.65,0.941727,0.0,0.0,0.0,300.164,35.9436,0.881321,314.292,85.3798,0.536599,290.734,83.1714,0.886049,366.322,102.025,0.221157,366.134,101.914,0.928956,352.128,78.2861,0.112378,347.417,57.145,0.63133,345.01,224.634,0.732312,307.29,231.676,0.746942,352.126,328.439,0.870439,297.791,330.781,0.83158,344.947,408.785,0.790064,271.863,413.472,0.851885
337.896,61.8406,0.832164,342.64,47.7567,0.450059,330.835,47.6542,0.945493,0.0,0.0,0.0,304.885,38.2844,0.908228,311.962,85.4476,0.581611,292.994,83.164,0.911115,366.324,104.298,0.267092,366.196,101.94,0.914356,352.128,78.2861,0.112378,347.437,59.5122,0.644277,344.947,224.626,0.724432,307.232,229.405,0.739278,352.126,328.432,0.871441,297.861,330.758,0.832893,344.938,408.778,0.78275,271.841,415.748,0.846616
340.303,64.0658,0.831774,345.035,47.8,0.461222,330.93,47.7392,0.918864,0.0,0.0,0.0,307.238,40.58,0.937378,314.362,85.4897,0.592604,293.022,85.3844,0.904598,368.536,104.352,0.346792,366.216,102.013,0.881135,352.128,78.2861,0.112378,349.674,59.5287,0.653477,344.999,227.017,0.731516,307.268,231.698,0.75792,352.117,328.4,0.863108,300.149,330.762,0.837111,344.927,408.773,0.793048,271.827,413.413,0.851229
342.598,64.1287,0.840096,347.241,50.0407,0.513737,330.955,47.7965,0.892278,0.0,0.0,0.0,307.285,40.6449,0.956263,314.364,85.5457,0.568824,293.08,85.3569,0.905957,368.532,104.295,0.259761,366.233,101.973,0.912223,352.128,78.2861,0.112378,349.684,61.8366,0.639189,345.026,227.026,0.728267,309.501,229.412,0.756373,352.158,328.432,0.86248,300.13,330.776,0.832971,344.92,408.717,0.791825,271.832,413.446,0.852796
345.031,64.1668,0.863103,347.408,50.1187,0.457176,335.536,50.0067,0.848318,0.0,0.0,0.0,309.619,42.8943,0.985821,316.718,85.4531,0.539737,293.198,83.0965,0.911494,368.564,106.667,0.187387,366.305,104.203,0.988636,352.128,78.2861,0.112378,349.817,61.8931,0.631511,344.952,229.361,0.718303,307.255,231.737,0.746361,352.14,328.444,0.863429,300.151,330.864,0.819822,342.678,408.72,0.790419,271.803,415.793,0.846334
347.385,64.1313,0.910718,349.697,50.0864,0.503515,340.299,47.8187,0.85483,0.0,0.0,0.0,311.92,40.6459,0.980057,323.792,85.4312,0.54557,295.475,83.1053,0.917692,368.627,104.395,0.222009,366.31,104.244,0.992616,352.128,78.2861,0.112378,352.04,64.1674,0.579144,344.949,229.388,0.720243,307.207,231.731,0.747633,352.113,328.452,0.869245,300.157,330.811,0.832155,344.928,411.083,0.784028,271.798,415.769,0.847783
347.441,64.2102,0.915317,349.796,50.1734,0.453236,342.675,50.0325,0.859271,0.0,0.0,0.0,312.061,40.6156,0.959425,323.785,85.5051,0.54448,297.816,83.1143,0.912263,368.626,111.376,0.15809,366.318,104.306,1.00167,352.128,78.2861,0.112378,354.425,64.2432,0.5374,344.927,229.376,0.712695,307.219,231.703,0.740903,352.081,328.427,0.864453,297.859,330.796,0.828407,344.932,408.734,0.791424,271.826,413.476,0.854308
349.625,64.1758,0.940363,349.865,52.382,0.490379,344.973,50.0061,0.887522,0.0,0.0,0.0,312.118,40.6469,0.949783,326.111,85.452,0.538725,300.132,83.0973,0.911347,368.62,113.782,0.139984,366.348,104.401,0.999853,352.128,78.2861,0.112378,354.431,66.4879,0.498835,342.643,229.373,0.707955,307.223,231.706,0.739268,352.058,328.441,0.870485,297.848,330.84,0.836371,344.953,411.051,0.787668,271.819,415.778,0.852383
349.699,64.2653,0.922746,352.089,52.4817,0.466847,347.221,50.1013,0.878147,0.0,0.0,0.0,314.328,42.8877,0.936143,326.138,85.459,0.543427,300.204,83.0403,0.905959,368.63,113.78,0.162238,368.498,104.463,0.98845,352.128,78.2861,0.112378,359.131,66.6362,0.533926,340.281,231.686,0.712363,304.881,231.758,0.730783,349.855,328.435,0.868831,297.808,330.816,0.848105,344.926,408.787,0.782463,271.822,415.782,0.856082
349.7,64.2784,0.933821,352.191,57.0892,0.594032,347.244,50.1131,0.874766,0.0,0.0,0.0,314.43,40.6367,0.902903,328.423,85.5157,0.583901,302.551,82.9919,0.909916,368.646,113.766,0.216464,368.502,106.662,0.964958,352.128,78.2861,0.112378,359.187,68.9026,0.493936,337.933,231.677,0.708347,304.852,231.739,0.728675,349.835,328.457,0.87052,297.818,330.814,0.845471,344.929,408.775,0.779904,271.813,413.475,0.855143
349.841,64.2999,0.909019,354.514,57.1445,0.456055,347.413,52.3799,0.886706,0.0,0.0,0.0,319.079,40.6192,0.874709,328.476,85.4683,0.591599,304.843,83.0426,0.919452,368.675,116.093,0.215334,368.558,106.745,0.953373,352.128,78.2861,0.112378,361.544,68.9454,0.512345,337.886,231.661,0.705996,302.488,231.762,0.719574,349.785,328.419,0.878308,297.816,330.842,0.848628,344.942,411.033,0.781038,271.824,415.788,0.856158
352.061,64.3137,0.90475,359.127,57.0843,0.526412,347.452,52.3827,0.901038,0.0,0.0,0.0,321.362,42.9094,0.882048,328.522,85.503,0.568979,304.893,83.0655,0.905455,370.962,116.147,0.205846,368.651,109.036,0.918925,352.128,78.2861,0.112378,363.81,68.9946,0.49543,335.607,231.735,0.713499,302.491,234.045,0.729826,349.741,328.412,0.879418,295.537,330.93,0.831683,344.961,411.062,0.775218,271.802,415.814,0.850849
352.165,66.4822,0.896216,361.522,57.119,0.504867,349.677,52.4216,0.914353,0.0,0.0,0.0,323.768,42.9519,0.897502,328.505,85.5307,0.565188,307.182,83.1289,0.916619,370.945,118.456,0.235055,368.665,109.036,0.899733,352.128,78.2861,0.112378,363.784,69.0109,0.482563,335.575,231.761,0.720985,300.174,234.062,0.735538,349.726,328.491,0.89817,297.834,330.949,0.829002,344.986,413.408,0.777702,271.812,415.822,0.853318
354.438,66.4833,0.883298,363.782,57.1545,0.442085,349.727,52.4268,0.920044,0.0,0.0,0.0,326.043,42.9841,0.92448,328.526,85.5494,0.542177,307.24,83.087,0.918416,371.028,120.774,0.277886,368.702,109.047,0.855919,352.128,78.2861,0.112378,361.491,73.6874,0.501333,335.558,234.074,0.732806,300.13,234.153,0.736356,349.686,328.507,0.894984,297.809,333.197,0.823708,344.935,411.12,0.765397,271.801,415.815,0.852844
356.79,64.2902,0.871949,363.878,52.4937,0.343325,349.799,50.1137,0.925586,0.0,0.0,0.0,326.08,42.895,0.937039,328.467,85.5265,0.532636,307.242,83.0746,0.908231,371.005,118.448,0.194088,370.99,109.055,0.868336,352.128,78.2861,0.112378,361.514,71.3284,0.523255,333.292,231.779,0.72098,300.151,234.059,0.727223,349.662,328.459,0.897749,297.847,330.919,0.82534,344.964,411.11,0.769812,271.824,415.774,0.857934
